GTCBSA,NAME,ALAND,SQRT_ALAND,POP,LOG_POP,POP_DEN,L_POPDEN,POP15,L_POP15DEN,LOG_POP15,POP15_DEN,TUFINLWGT,AVG_FAMILY_TIME,AVG_FAMILY_IX,AVG_HHFAMILY_TIME,AVG_HHFAMILY_IX,AVG_NHFAMILY_TIME,AVG_NHFAMILY_IX,AVG_FRIEND_TIME,AVG_FRIEND_IX,AVG_CCC_TIME,AVG_CCC_IX,AVG_NHSOCIAL_TIME,AVG_NHFAMILY_SOCIAL_TIME_RATIO,AVG_TRIP_TO_NHFAMILY_DUR,RESP_COUNT
10180,"Abilene, TX",2743.4985275412,52.37841661926409,170669,5.23,62.21,1.79386020134267,136682,1.697403723200488,5.14,49.82,439091103.423083,262.64,0.79,222.81,0.68,58.83,0.49,20.45,0.18,313.49,0.56,392.77,0.19,3.24,35
10420,"Akron, OH",900.1930133196,30.003216716205614,703845,5.85,781.88,2.893140104291489,585501,2.813193887069551,5.77,650.42,831544598.995712,391.52,0.79,312.0,0.69,132.62,0.35,59.74,0.19,128.45,0.28,320.81,0.26,7.46,88
10580,"Albany-Schenectady-Troy, NY",2811.7268307414,53.0257185782654,880736,5.94,313.24,2.495877215295426,738712,2.419509665822141,5.87,262.73,868063878.51267,393.8,0.84,347.59,0.72,86.47,0.3,19.95,0.1,97.45,0.25,203.88,0.24,8.99,91
10740,"Albuquerque, NM",9283.3441123995,96.35011215561454,912108,5.96,98.25,1.992332559047464,743364,1.903524064471262,5.87,80.08,1085850503.928548,311.92,0.78,260.72,0.67,70.16,0.34,18.69,0.08,161.69,0.35,250.54,0.24,6.78,164
10900,"Allentown-Bethlehem-Easton, PA-NJ",1452.9758613084,38.117920474606166,837610,5.92,576.48,2.760784244778493,693420,2.678736837033605,5.84,477.24,1009460105.373612,286.56,0.83,243.81,0.73,57.36,0.28,45.0,0.21,127.61,0.33,229.97,0.18,5.4,86
11100,"Amarillo, TX",5150.9523532896,71.7701355250887,263776,5.42,51.21,1.709354775834396,206825,1.6036855496147,5.32,40.15,248974576.494336,315.14,0.8,274.37,0.66,54.61,0.36,42.83,0.1,151.04,0.35,248.47,0.27,6.04,28
11460,"Ann Arbor, MI",705.9991847337,26.570645169692437,367000,5.56,519.83,2.715861339533011,310358,2.643057683751453,5.49,439.6,535213258.335943,315.55,0.83,256.0,0.72,93.14,0.46,80.36,0.22,140.33,0.31,313.84,0.36,5.59,63
11540,"Appleton, WI",955.8019391778,30.916046629182716,235628,5.37,246.52,2.391852159058638,189484,2.297213195989642,5.28,198.25,268626818.26849,305.72,0.85,260.26,0.78,73.8,0.36,47.51,0.14,179.38,0.4,300.69,0.24,7.36,29
11700,"Asheville, NC",2032.6101110171999,45.08447749522223,454351,5.66,223.53,2.349335818117248,384385,2.276714494630292,5.58,189.11,525386505.731086,313.35,0.78,231.69,0.66,87.43,0.35,18.17,0.08,222.14,0.42,327.73,0.27,3.95,52
12020,"Athens-Clarke County, GA",1024.9441109622,32.01474833513767,208457,5.32,203.38,2.308308242998225,172939,2.227192306514036,5.24,168.73,241172118.702667,239.06,0.75,182.18,0.6,61.36,0.28,28.6,0.33,339.6,0.62,429.57,0.14,4.68,26
12060,"Atlanta-Sandy Springs-Alpharetta, GA",8685.6209008569,93.19667859348262,5862424,6.77,674.96,2.829278036099149,4669089,2.730435024186397,6.67,537.57,7388307735.91399,300.66,0.78,250.63,0.69,78.32,0.31,33.88,0.15,171.88,0.37,284.08,0.21,5.25,729
12100,"Atlantic City-Hammonton, NJ",555.5107834848,23.569276261370437,266105,5.43,479.03,2.680362712634758,219253,2.596256123102291,5.34,394.69,346120506.057587,275.5,0.76,154.1,0.61,132.24,0.51,29.57,0.17,173.61,0.48,335.42,0.29,8.9,33
12220,"Auburn-Opelika, AL",607.5391924602,24.648310133966586,161152,5.21,265.25,2.423655392573378,132430,2.338416648246358,5.12,217.98,206328233.948555,288.61,0.87,228.74,0.61,94.8,0.66,36.3,0.12,102.45,0.22,233.56,0.46,13.0,32
12260,"Augusta-Richmond County, GA-SC",3480.700021227,58.99745775223709,599616,5.78,172.27,2.236209653717059,484223,2.143389568994656,5.69,139.12,630648432.352212,358.3,0.9,308.53,0.75,73.65,0.38,19.96,0.05,73.51,0.21,167.12,0.29,4.08,72
12420,"Austin-Round Rock-Georgetown, TX",4219.4804623686,64.95752814238392,2114441,6.33,501.11,2.699933069478628,1701421,2.605552835812909,6.23,403.23,2302928712.501564,327.63,0.77,272.44,0.68,88.86,0.34,56.65,0.18,149.2,0.31,294.71,0.24,7.07,229
12540,"Bakersfield, CA",8134.599680064,90.19201561149413,887641,5.95,109.12,2.037904357312404,671039,1.916401303603876,5.83,82.49,1072708884.768799,368.42,0.87,337.26,0.79,52.42,0.26,24.74,0.08,50.12,0.13,127.27,0.22,4.18,85
12580,"Baltimore-Columbia-Towson, MD",2601.4955838299998,51.00485843358454,2796733,6.45,1075.05,3.031428663525221,2286511,2.943949347042262,6.36,878.92,3607388223.632899,297.87,0.75,236.52,0.64,83.22,0.33,42.11,0.21,176.85,0.42,302.17,0.22,5.75,315
12620,"Bangor, ME",3397.1779642086,58.2853151677899,151774,5.18,44.68,1.650113164443571,129234,1.580240508265376,5.11,38.04,181480366.073131,510.59,0.81,451.81,0.78,106.78,0.34,8.04,0.05,71.85,0.16,186.67,0.28,2.89,21
12700,"Barnstable Town, MA",394.2190026918,19.85494907300948,213496,5.33,541.57,2.733654598817204,187331,2.676876431973137,5.27,475.2,116993114.70648,412.27,0.81,332.38,0.69,110.73,0.31,71.01,0.38,31.73,0.06,213.46,0.24,2.55,15
12940,"Baton Rouge, LA",4370.6713335714,66.11105303632215,854318,5.93,195.47,2.291080112963527,686381,2.19601028659195,5.84,157.04,984417524.875998,302.73,0.7,224.48,0.6,104.64,0.35,76.32,0.2,111.65,0.28,292.6,0.28,5.96,110
12980,"Battle Creek, MI",706.2580474092,26.575515938720738,134212,5.13,190.03,2.278822168352688,108772,2.187548920861271,5.04,154.01,305953111.672738,345.71,0.78,300.34,0.73,72.4,0.32,30.74,0.23,117.07,0.27,220.21,0.27,6.32,38
13140,"Beaumont-Port Arthur, TX",2101.1235687585,45.83801445043731,395174,5.6,188.08,2.274342616116883,314987,2.175830604162249,5.5,149.91,442045987.626099,364.31,0.81,313.19,0.65,89.74,0.4,17.73,0.15,144.78,0.26,252.25,0.3,6.68,50
13460,"Bend, OR",3017.6005179177,54.932690794441335,186251,5.27,61.72,1.790425917391111,154982,1.710625015060797,5.19,51.36,339725696.96369797,342.31,0.81,320.46,0.76,62.21,0.28,9.15,0.08,101.76,0.36,173.12,0.2,2.56,43
13740,"Billings, MT",6477.9588621891,80.48576807230643,179071,5.25,27.64,1.441538038702161,144421,1.348110068480238,5.16,22.29,193047677.680408,277.12,0.83,216.12,0.8,97.11,0.36,60.77,0.2,162.25,0.46,320.13,0.24,5.33,22
13780,"Binghamton, NY",1224.3983250213,34.99140358747131,241874,5.38,197.55,2.295677034017465,202756,2.219060332448861,5.31,165.6,557243851.366028,408.8,0.84,361.21,0.71,95.24,0.43,49.55,0.15,102.31,0.22,247.09,0.36,5.11,63
13820,"Birmingham-Hoover, AL",4488.7127587731,66.99785637446246,1085330,6.04,241.79,2.383438335256656,877715,2.291235610848788,5.94,195.54,1448566913.764465,304.34,0.83,224.97,0.69,102.35,0.41,49.79,0.23,147.1,0.38,299.25,0.26,7.72,183
13980,"Blacksburg-Christiansburg, VA",1073.5807264182,32.76554175377236,166785,5.22,155.35,2.191311257590993,144722,2.129689892199301,5.16,134.8,170282742.030641,399.91,0.8,289.49,0.8,140.04,0.48,24.34,0.17,50.91,0.28,215.29,0.37,10.99,18
14010,"Bloomington, IL",1183.2410125107,34.39827048720183,172578,5.24,145.85,2.163906433457751,141515,2.077731179652392,5.15,119.6,279502807.130361,277.72,0.85,210.75,0.77,71.8,0.44,17.47,0.14,233.37,0.52,322.64,0.25,5.91,31
14020,"Bloomington, IN",779.8123549359,27.92512049993518,167296,5.22,214.53,2.331488032760532,144697,2.268460958684802,5.16,185.55,172387359.28328198,358.21,0.8,326.15,0.73,111.71,0.62,13.37,0.08,88.06,0.2,213.15,0.57,7.79,21
14260,"Boise City, ID",11766.5275601016,108.4736261037751,710743,5.85,60.4,1.781036938621132,561639,1.678791434366244,5.75,47.73,696224632.516344,414.57,0.87,364.77,0.77,95.06,0.4,40.79,0.2,148.61,0.35,284.47,0.28,5.87,103
14460,"Boston-Cambridge-Newton, MA-NH",3486.081344031,59.04304653412627,4832346,6.68,1386.18,3.141819628494412,4040437,3.06409093019543,6.61,1159.02,5563773705.895789,312.24,0.82,255.77,0.72,82.45,0.35,48.95,0.18,165.49,0.39,296.88,0.23,6.16,643
14500,"Boulder, CO",726.3792469791,26.951423839550667,322510,5.51,444.0,2.64738297011462,271539,2.572674150739064,5.43,373.83,502854649.410915,358.76,0.88,291.17,0.73,92.19,0.48,28.13,0.16,164.71,0.41,285.03,0.31,7.33,51
14540,"Bowling Green, KY",1615.0248189504,40.18737138642437,174498,5.24,108.05,2.03362477121926,141718,1.943247125137862,5.15,87.75,280773306.730783,356.06,0.77,328.69,0.75,57.16,0.34,2.55,0.05,131.51,0.34,191.21,0.25,6.08,31
14860,"Bridgeport-Stamford-Norwalk, CT",624.9661815969,24.99932362278828,943926,5.97,1510.36,3.179080475358847,769609,3.090413256366991,5.89,1231.44,950673602.879918,324.94,0.93,252.62,0.86,91.36,0.39,49.75,0.18,109.04,0.27,250.15,0.29,7.99,110
15180,"Brownsville-Harlingen, TX",891.7052862861,29.86143476603393,421666,5.62,472.88,2.674750946340831,314707,2.547688576129021,5.5,352.93,515782240.84231,330.67,0.94,267.13,0.89,76.58,0.31,13.98,0.11,248.44,0.53,338.99,0.19,3.39,44
15380,"Buffalo-Cheektowaga, NY",1565.0749090548,39.561027654180066,1130175,6.05,722.12,2.858609373480157,942004,2.779517127872229,5.97,601.89,1194314638.161883,287.79,0.77,220.77,0.63,90.02,0.44,45.47,0.19,189.66,0.46,325.16,0.27,4.12,134
15500,"Burlington, NC",423.4496827275,20.57789305851063,163324,5.21,385.7,2.586249638866042,133298,2.498020927582199,5.12,314.79,487281391.972603,349.43,0.89,310.01,0.79,98.6,0.46,36.61,0.12,128.03,0.3,263.23,0.39,9.87,45
15540,"Burlington-South Burlington, VT",1249.7217024006,35.35140311784809,218784,5.34,175.07,2.24321173174476,184986,2.17032039987338,5.27,148.02,151427001.201684,294.48,0.66,291.99,0.66,22.28,0.1,9.63,0.11,161.46,0.31,193.37,0.09,0.89,21
15680,"California-Lexington Park, MD",358.6135174479,18.93709369063532,112290,5.05,313.12,2.495710808313926,89645,2.397905263723669,4.95,249.98,405110885.441642,228.16,0.65,199.61,0.6,80.67,0.27,39.5,0.16,158.21,0.37,278.38,0.15,2.11,24
15940,"Canton-Massillon, OH",969.8719729841999,31.142767587101183,399736,5.6,412.15,2.615055304179721,329369,2.530967681571915,5.52,339.6,757400642.143306,340.52,0.85,307.51,0.82,40.49,0.23,66.09,0.14,119.88,0.25,226.46,0.18,2.28,45
15980,"Cape Coral-Fort Myers, FL",781.0042645548,27.946453523744296,737468,5.87,944.26,2.975091592834296,628913,2.905936126745815,5.8,805.26,406716508.987811,241.28,0.67,220.36,0.65,49.89,0.27,65.04,0.23,169.63,0.29,284.56,0.21,4.51,49
16060,"Carbondale-Marion, IL",1347.5075312556,36.70841226824718,137573,5.14,102.09,2.008983203815472,114691,1.929980590515515,5.06,85.11,295879386.299547,367.09,0.88,273.79,0.74,117.6,0.47,64.88,0.3,147.41,0.28,329.89,0.37,5.45,24
16300,"Cedar Rapids, IA",2008.7679201875999,44.819280674589145,270056,5.43,134.44,2.12852850379744,218031,2.035589817243457,5.34,108.54,184194970.794117,359.01,0.9,318.62,0.81,63.93,0.24,62.93,0.25,120.16,0.29,247.03,0.17,6.36,38
16540,"Chambersburg-Waynesboro, PA",772.2947979747,27.790192478187336,154147,5.19,199.6,2.300160536951352,125668,2.211440935578669,5.1,162.72,340091787.926805,432.61,0.85,381.89,0.77,91.43,0.34,49.12,0.12,82.3,0.21,222.85,0.26,5.24,36
16580,"Champaign-Urbana, IL",1435.283842707,37.8851401304918,226323,5.35,157.69,2.19780415317341,190349,2.12260902357599,5.28,132.62,359406176.004618,280.88,0.82,164.01,0.62,119.34,0.41,22.16,0.1,251.24,0.63,392.74,0.27,5.51,35
16620,"Charleston, WV",2646.5581078794,51.444709231167785,264113,5.42,99.79,1.999087022625888,219104,1.917977882592908,5.34,82.79,279092440.420823,399.23,0.71,359.79,0.62,58.69,0.4,21.41,0.1,72.11,0.19,152.21,0.3,4.59,35
16700,"Charleston-North Charleston, SC",2590.1788739112,50.89379995550735,774508,5.89,299.02,2.475700237151028,631687,2.387176186349882,5.8,243.88,795475920.481017,366.13,0.82,320.38,0.74,91.48,0.33,48.51,0.22,135.55,0.31,275.54,0.25,7.05,117
16740,"Charlotte-Concord-Gastonia, NC-SC",5597.3814354315,74.81564966924701,2545560,6.41,454.78,2.657801357333581,2041855,2.562042924490959,6.31,364.79,2806337499.573064,310.0,0.82,243.92,0.74,93.41,0.42,39.81,0.2,195.04,0.45,328.26,0.3,5.6,292
16820,"Charlottesville, VA",1644.5175168708,40.55265116944637,215445,5.33,131.01,2.117304446641003,180751,2.041037207867028,5.26,109.91,362043795.164178,295.67,0.9,266.74,0.86,69.45,0.33,42.93,0.27,134.54,0.31,246.92,0.2,4.74,37
16860,"Chattanooga, TN-GA",2088.7816884363,45.703191228144014,556209,5.75,266.28,2.425338548279633,458617,2.341553222109577,5.66,219.56,553631216.749222,350.25,0.82,282.08,0.71,96.39,0.41,46.66,0.22,174.61,0.38,317.66,0.27,5.8,67
16980,"Chicago-Naperville-Elgin, IL-IN-WI",7194.7414349811,84.82182169100767,9508605,6.98,1321.6,3.121100029976307,7705088,3.029761084643937,6.89,1070.93,12488589537.727327,304.63,0.82,246.38,0.71,80.4,0.37,50.62,0.2,182.22,0.39,313.23,0.26,6.33,1162
17020,"Chico, CA",1636.4804862978,40.45343602585323,225817,5.35,137.99,2.139847614646311,188065,2.06039561731991,5.27,114.92,491456397.916468,250.67,0.73,232.15,0.69,41.39,0.29,20.04,0.13,145.26,0.4,206.69,0.17,1.64,43
17140,"Cincinnati, OH-KY-IN",4546.4227910244,67.4271665652977,2201741,6.34,484.28,2.685096533739927,1771146,2.590585505352096,6.25,389.57,2511803543.044932,299.49,0.79,235.92,0.69,91.71,0.36,24.33,0.16,188.59,0.39,304.63,0.27,6.01,243
17300,"Clarksville, TN-KY",2157.9470374176,46.45370854321106,299470,5.48,138.78,2.142326883154263,231646,2.030802048772268,5.36,107.35,373282752.764592,296.24,0.79,267.28,0.78,50.63,0.23,71.64,0.23,190.87,0.42,313.14,0.16,2.46,49
17420,"Cleveland, TN",763.3628895321,27.62902259458521,122563,5.09,160.56,2.205637359479429,100823,2.120837060254737,5.0,132.08,339668772.453924,397.73,0.88,302.6,0.79,131.06,0.51,51.29,0.3,91.29,0.39,273.65,0.38,8.07,23
17460,"Cleveland-Elyria, OH",1998.7647147467999,44.70754650779664,2056898,6.31,1029.08,3.012449137841196,1698617,2.929332058130864,6.23,849.83,2945935122.483555,315.2,0.8,274.26,0.73,65.18,0.34,40.96,0.17,194.75,0.41,300.88,0.21,4.29,257
17660,"Coeur d'Alene, ID",1237.7724525738,35.1819904578152,157322,5.2,127.1,2.104145550554008,127441,2.01266853389633,5.11,102.96,285940847.888279,487.61,0.95,436.43,0.88,137.88,0.66,37.89,0.23,159.84,0.48,335.61,0.34,7.05,31
17780,"College Station-Bryan, TX",2100.363528978,45.82972320424813,258029,5.41,122.85,2.0893751608161,212720,2.00552369267328,5.33,101.28,261267330.472941,255.47,0.83,204.93,0.73,73.14,0.46,38.9,0.12,183.84,0.48,295.89,0.32,7.31,24
17820,"Colorado Springs, CO",2683.4757176799,51.80227521721319,723498,5.86,269.61,2.430735996410303,578310,2.333467426905371,5.76,215.51,567950279.0193679,320.36,0.89,252.45,0.77,98.53,0.37,51.69,0.24,163.86,0.38,314.08,0.26,5.13,65
17900,"Columbia, SC",3703.0399907787,60.852608742589666,824278,5.92,222.59,2.347505649475902,673002,2.259450523716499,5.83,181.74,796828698.96863,347.26,0.8,288.13,0.74,85.82,0.4,27.5,0.21,135.35,0.31,248.67,0.27,9.06,117
17980,"Columbus, GA-AL",2786.0446737981,52.78299606689734,319402,5.5,114.64,2.059336177389288,255489,1.962369335670021,5.41,91.7,184743347.349381,215.04,0.57,165.25,0.44,82.23,0.24,13.05,0.06,177.84,0.37,273.12,0.21,2.86,30
18140,"Columbus, OH",4796.547230475,69.25710960237224,2077761,6.32,433.18,2.636668396960324,1666859,2.540967306429246,6.22,347.51,2353897965.11288,326.72,0.82,264.86,0.68,98.6,0.4,61.37,0.25,155.56,0.37,315.53,0.26,6.79,231
18580,"Corpus Christi, TX",1532.4927663474,39.14706587149796,428548,5.63,279.64,2.44659929345697,339490,2.345432547499147,5.53,221.53,364509222.567079,357.73,0.81,333.37,0.78,57.33,0.37,59.59,0.23,162.7,0.34,279.62,0.22,3.3,49
19100,"Dallas-Fort Worth-Arlington, TX",8675.100394389,93.14021899474469,7320663,6.86,843.87,2.926275547773541,5725775,2.819557095781318,6.76,660.02,8717372364.108566,325.22,0.83,270.82,0.74,80.23,0.37,35.59,0.18,168.06,0.39,283.88,0.25,4.74,797
19300,"Daphne-Fairhope-Foley, AL",1589.8270584339,39.87263545884445,212830,5.33,133.87,2.12668326338829,174821,2.041234731171431,5.24,109.96,361866663.330022,411.29,0.86,353.31,0.78,90.05,0.38,31.75,0.11,174.67,0.43,296.47,0.3,7.58,46
19340,"Davenport-Moline-Rock Island, IA-IL",2269.8807135147,47.64326514329911,381175,5.58,167.93,2.225128287982087,308409,2.13312357540262,5.49,135.87,438102850.037283,377.12,0.79,295.39,0.65,117.5,0.5,30.91,0.18,176.63,0.4,325.05,0.32,9.84,53
19660,"Deltona-Daytona Beach-Ormond Beach, FL",1587.5042341158,39.84349676064841,646288,5.81,407.11,2.609711770253337,552718,2.541791347494252,5.74,348.17,854189834.34334,282.42,0.86,215.67,0.74,82.68,0.35,47.11,0.18,97.53,0.25,227.32,0.27,6.05,74
19740,"Denver-Aurora-Lakewood, CO",8344.6592792706,91.34910661451813,2892066,6.46,346.58,2.539803497384677,2342726,2.448319764933495,6.37,280.75,3371794617.369166,288.94,0.75,240.84,0.65,73.33,0.3,42.26,0.18,202.81,0.44,318.4,0.2,5.09,335
19780,"Des Moines-West Des Moines, IA",3612.3498772218,60.10282753100556,680439,5.83,188.36,2.274988681770685,536681,2.171931123355967,5.73,148.57,908027680.36908,360.17,0.87,294.69,0.79,96.87,0.42,35.77,0.15,162.78,0.47,295.42,0.31,6.3,120
19820,"Detroit-Warren-Dearborn, MI",3892.2137765081998,62.3876091584555,4317848,6.64,1109.36,3.045072502544747,3531037,2.957707828719117,6.55,907.21,5116362988.499377,323.11,0.82,250.73,0.73,97.23,0.36,56.27,0.2,139.8,0.35,293.3,0.27,5.92,535
20100,"Dover, DE",586.0577517795,24.208629696442962,176699,5.25,301.5,2.47928731647617,142783,2.386730765209831,5.15,243.63,213190290.186721,332.06,0.96,267.91,0.9,83.65,0.28,26.42,0.17,89.06,0.25,199.13,0.2,6.14,22
20500,"Durham-Chapel Hill, NC",2290.0805998785,47.85478659317686,626695,5.8,273.66,2.437211322624582,518781,2.355125724987688,5.71,226.53,758757051.6904761,272.16,0.88,208.52,0.73,73.72,0.43,30.09,0.15,112.59,0.31,216.4,0.34,6.91,80
20700,"East Stroudsburg, PA",608.3534244645,24.66482159806756,168032,5.23,276.21,2.441239397871148,141774,2.367449107268604,5.15,233.05,372224220.655955,255.21,0.74,169.86,0.66,104.92,0.26,78.03,0.18,199.63,0.37,382.58,0.18,7.95,37
21140,"Elkhart-Goshen, IN",463.1579275752,21.52110423689268,204558,5.31,441.66,2.645088068115283,157333,2.531095546870028,5.2,339.7,421625612.075071,330.59,0.84,309.57,0.77,50.93,0.39,27.05,0.21,107.1,0.34,185.08,0.28,4.83,45
21340,"El Paso, TX",5583.7279324826995,74.72434631686448,840477,5.92,150.52,2.177594209647827,648990,2.065318237803737,5.81,116.23,898642255.454576,336.2,0.84,244.91,0.68,117.92,0.45,40.74,0.16,86.97,0.22,245.63,0.36,6.29,106
21500,"Erie, PA",798.9083678862,28.26496714815356,273835,5.44,342.76,2.534990134158752,225437,2.450526229129723,5.35,282.18,407219070.250597,275.08,0.96,196.51,0.73,105.84,0.49,27.55,0.15,163.84,0.46,297.23,0.3,6.89,31
21660,"Eugene-Springfield, OR",4554.0657339606,67.48381831195238,373340,5.57,81.98,1.913707913980483,316180,1.841547165256553,5.5,69.43,486869840.729802,310.47,0.72,272.93,0.66,57.46,0.28,44.04,0.18,181.9,0.4,283.41,0.17,3.65,69
21780,"Evansville, IN-KY",1463.9473592172,38.261565038785335,314960,5.5,215.14,2.332721164289127,256527,2.243608460959357,5.41,175.23,313038678.890247,410.48,0.86,347.23,0.79,120.93,0.42,35.06,0.14,174.36,0.35,330.36,0.32,6.86,45
22020,"Fargo, ND-MN",2810.0947014855,53.01032636652504,240421,5.38,85.56,1.93227077589949,193374,1.837651557846393,5.29,68.81,257017507.264126,251.56,0.7,148.34,0.49,120.27,0.41,60.96,0.21,200.54,0.44,381.77,0.29,3.85,35
22140,"Farmington, NM",5517.200359242,74.27785914552196,126515,5.1,22.93,1.360404054729939,98229,1.250420002308894,4.99,17.8,156600311.96284398,221.4,0.69,163.4,0.68,123.41,0.48,16.92,0.11,124.95,0.22,265.28,0.46,5.09,16
22180,"Fayetteville, NC",1637.6334295464,40.46768376799443,519101,5.72,316.98,2.501031861070583,407179,2.39557099712082,5.61,248.64,557966692.799258,337.09,0.85,159.44,0.47,191.66,0.59,51.24,0.29,230.49,0.56,473.38,0.4,5.55,54
22220,"Fayetteville-Springdale-Rogers, AR",2623.4046538128,51.21918247895802,514259,5.71,196.03,2.292322539914915,404442,2.187999872404836,5.61,154.17,515085746.977571,352.29,0.8,269.57,0.64,101.15,0.39,60.22,0.19,151.75,0.36,313.12,0.27,4.52,71
22420,"Flint, MI",636.9382414395,25.237635416962103,407875,5.61,640.37,2.806430977932397,331786,2.716762694739537,5.52,520.91,469573787.738296,305.52,0.7,242.27,0.62,77.94,0.31,37.86,0.21,128.51,0.29,244.31,0.24,3.14,51
22500,"Florence, SC",1361.0861817696,36.89290150922803,205502,5.31,150.98,2.178919421035465,165819,2.085754244209699,5.22,121.83,114691675.357977,323.94,0.66,214.01,0.53,119.26,0.17,1.8,0.03,201.45,0.34,322.51,0.17,12.28,20
22520,"Florence-Muscle Shoals, AL",1260.9604954089,35.51000556757067,147327,5.17,116.84,2.067591548301512,122802,1.988514365833666,5.09,97.39,402787585.43164,325.81,0.72,198.25,0.52,174.77,0.51,21.23,0.09,226.85,0.51,422.86,0.37,3.44,35
22660,"Fort Collins, CO",2595.7557447822,50.94855979105003,344786,5.54,132.83,2.123296172645314,288130,2.045322978786658,5.46,111.0,465770099.053703,350.28,0.88,312.97,0.77,49.64,0.48,84.68,0.47,136.74,0.4,271.06,0.22,4.84,47
22900,"Fort Smith, AR-OK",2408.961193353,49.081169437504236,249777,5.4,103.69,2.01573687447745,199975,1.919130413860614,5.3,83.01,159486941.235769,253.67,0.83,188.47,0.73,67.77,0.15,32.54,0.04,70.14,0.32,170.45,0.12,1.72,19
23060,"Fort Wayne, IN",992.8632090663,31.509731973888638,406305,5.61,409.23,2.611967463644433,319877,2.508098577178079,5.5,322.18,588386219.802848,303.3,0.68,257.34,0.63,80.02,0.3,51.97,0.17,185.2,0.43,317.19,0.2,4.73,64
23420,"Fresno, CA",5958.3489806412,77.19034253480936,984521,5.99,165.23,2.218088902860845,748422,2.099024215610893,5.87,125.61,1165396149.766771,362.05,0.84,306.15,0.77,108.84,0.41,22.72,0.15,155.93,0.37,287.48,0.24,4.51,85
23540,"Gainesville, FL",2343.5389043352,48.41011159184825,323799,5.51,138.17,2.140413757591074,274179,2.068148740973294,5.44,116.99,279965980.510985,311.86,0.85,220.19,0.72,124.38,0.36,20.49,0.07,142.32,0.37,287.2,0.23,4.68,30
23580,"Gainesville, GA",392.98554909899997,19.823863122484475,198667,5.3,505.53,2.703746933315467,156768,2.600885810368248,5.2,398.92,386991680.631196,430.0,0.92,375.24,0.89,136.26,0.44,47.57,0.14,96.51,0.28,280.35,0.4,8.87,31
24020,"Glens Falls, NY",1698.3751371444,41.21134718914683,125892,5.1,74.12,1.86993541064686,106755,1.798374376681561,5.03,62.86,322159338.535517,395.85,0.86,353.94,0.79,68.37,0.41,26.54,0.11,176.59,0.4,271.5,0.34,6.06,33
24140,"Goldsboro, NC",553.9188047679,23.53547970124892,123603,5.09,223.14,2.348577428742616,99079,2.252537506990004,5.0,178.87,503838053.38519,419.31,0.86,364.8,0.81,90.93,0.37,91.91,0.28,69.99,0.29,252.83,0.27,7.66,47
24340,"Grand Rapids-Kentwood, MI",2689.0835275161,51.8563740297767,1062392,6.03,395.08,2.596685045096567,849685,2.499659594756,5.93,315.98,1650466734.25575,382.84,0.91,302.04,0.79,118.89,0.54,42.11,0.19,136.22,0.39,297.22,0.37,17.37,158
24540,"Greeley, CO",3984.9189811001997,63.12621469009685,305345,5.48,76.63,1.884398825556686,237777,1.775756037844098,5.38,59.67,442317169.519857,345.49,0.95,243.72,0.65,118.39,0.48,5.97,0.08,164.28,0.44,288.64,0.32,12.66,38
24580,"Green Bay, WI",1870.0164836495999,43.24368721154106,319401,5.5,170.8,2.232487866352986,257649,2.139186180416129,5.41,137.78,397675718.453417,260.15,0.76,175.42,0.67,97.04,0.47,22.6,0.21,122.53,0.43,242.17,0.35,13.41,38
24660,"Greensboro-High Point, NC",1993.8893103558,44.65298769797828,762063,5.88,382.2,2.582290682718994,622896,2.494711025205263,5.79,312.4,899623020.031723,328.34,0.81,267.77,0.7,82.04,0.35,61.83,0.2,191.95,0.44,335.82,0.23,5.11,97
24780,"Greenville, NC",652.3626715749,25.541391339840906,178433,5.25,273.52,2.436989087788538,146413,2.351080909463016,5.17,224.43,328383059.66109,394.03,0.93,290.91,0.89,123.12,0.53,33.9,0.2,80.24,0.31,237.26,0.4,5.63,33
24860,"Greenville-Anderson, SC",2709.5818896432,52.05364434545578,895942,5.95,330.66,2.519381661409114,728562,2.429558499461421,5.86,268.88,1015277769.9510651,297.16,0.85,246.23,0.75,85.29,0.36,38.35,0.18,182.81,0.4,306.45,0.21,7.8,135
25180,"Hagerstown-Martinsburg, MD-WV",1007.9741707893,31.74860895833548,283147,5.45,280.91,2.448567199748096,230973,2.360119861580805,5.36,229.15,127838867.015222,448.36,0.9,423.81,0.87,45.64,0.27,52.06,0.24,95.92,0.17,193.62,0.26,1.8,16
25260,"Hanford-Corcoran, CA",1390.9646024703,37.29563784774702,150691,5.18,108.34,2.034788831251184,115970,1.921009801497034,5.06,83.37,299836787.872394,280.52,0.93,217.73,0.73,70.2,0.43,35.38,0.12,175.56,0.38,281.14,0.3,2.34,30
25420,"Harrisburg-Carlisle, PA",1621.790084772,40.27145496219376,571013,5.76,352.09,2.546653690487701,469556,2.461693570341295,5.67,289.53,857989475.667765,347.88,0.8,266.83,0.68,102.1,0.38,25.92,0.2,155.36,0.38,283.38,0.29,4.04,81
25540,"Hartford-East Hartford-Middletown, CT",1514.5811757648,38.91762037644131,1207677,6.08,797.37,2.901659891873717,1009198,2.823682849076752,6.0,666.32,1279131547.933325,293.49,0.83,218.94,0.68,97.5,0.39,42.26,0.19,156.06,0.33,295.82,0.28,6.94,152
25860,"Hickory-Lenoir-Morganton, NC",1639.4742520299,40.49042173193433,366678,5.56,223.66,2.349588320562463,304602,2.269022334729234,5.48,185.79,462012350.55581,392.7,0.89,314.34,0.83,105.11,0.42,26.86,0.24,203.55,0.51,335.52,0.26,3.79,43
25940,"Hilton Head Island-Bluffton, SC",1231.190448345,35.08832353283639,214752,5.33,174.43,2.241621180791424,179841,2.164561029265557,5.25,146.07,221349488.763491,224.68,0.73,188.05,0.64,49.76,0.19,24.87,0.13,105.11,0.27,179.74,0.16,1.67,25
26420,"Houston-The Woodlands-Sugar Land, TX",8268.651929023199,90.93212814524468,6884138,6.84,832.56,2.920415541553666,5348578,2.810803582484866,6.73,646.85,8211268727.346655,317.48,0.84,265.25,0.76,83.74,0.34,37.78,0.18,169.19,0.38,290.72,0.25,5.89,734
26580,"Huntington-Ashland, WV-KY-OH",2499.9123078072,49.99912307038194,361832,5.56,144.74,2.160588568290035,298449,2.076931574555656,5.47,119.38,312344405.409309,263.38,0.62,234.24,0.61,56.78,0.3,16.58,0.11,90.82,0.26,164.18,0.25,4.01,33
26620,"Huntsville, AL",1361.5559797554,36.89926801110558,457003,5.66,335.65,2.525886651520939,373916,2.438732162810943,5.57,274.62,670241586.756187,295.1,0.76,213.08,0.67,115.03,0.47,41.56,0.28,161.86,0.44,318.45,0.33,6.23,80
26820,"Idaho Falls, ID",5196.1204706697,72.08412079417838,145507,5.16,28.0,1.447158031342219,107203,1.314499227973152,5.03,20.63,146374754.986487,456.99,0.97,332.27,0.91,161.19,0.51,3.86,0.03,204.93,0.43,369.99,0.41,5.4,21
26900,"Indianapolis-Carmel-Anderson, IN",4306.5307969398,65.62416320944443,2029472,6.31,471.25,2.673251363213849,1610839,2.572929659079372,6.21,374.05,2842271979.458404,369.82,0.83,313.78,0.73,109.89,0.4,28.3,0.14,167.66,0.39,305.85,0.29,5.03,296
26980,"Iowa City, IA",1181.8214247411,34.37762971382844,170677,5.23,144.42,2.159627340658674,140824,2.076130494543006,5.15,119.16,227512189.309499,352.91,0.86,314.65,0.83,67.09,0.38,18.74,0.21,161.04,0.39,246.87,0.28,6.22,31
27100,"Jackson, MI",701.8930649016,26.49326451952647,158636,5.2,226.01,2.354127655292264,130403,2.269022334729234,5.12,185.79,346297375.44565,347.2,0.85,272.24,0.76,85.04,0.36,59.24,0.28,150.91,0.31,295.19,0.22,2.61,29
27140,"Jackson, MS",5405.1307705395,73.51959446664202,597727,5.78,110.59,2.043715858061206,478128,1.946746935033585,5.68,88.46,748472637.2168,283.54,0.85,235.75,0.73,59.46,0.3,41.64,0.21,144.03,0.36,245.13,0.23,5.04,90
27260,"Jacksonville, FL",3201.7946136462,56.58440256507265,1503574,6.18,469.6,2.671728088239558,1221630,2.58155145789047,6.09,381.55,1649613471.152214,337.61,0.85,267.06,0.71,90.91,0.38,46.35,0.22,174.06,0.39,311.32,0.27,5.31,178
27340,"Jacksonville, NC",762.0707035656,27.605628113948068,195069,5.29,255.97,2.408189068444955,153391,2.303800623765175,5.19,201.28,364414574.833547,462.44,0.96,266.51,0.72,231.62,0.57,12.68,0.05,152.21,0.28,396.51,0.41,10.73,31
27500,"Janesville-Beloit, WI",718.1633683224,26.79857026638548,162152,5.21,225.79,2.353704703572165,131014,2.261096258132334,5.12,182.43,212854613.137019,459.0,1.0,358.42,0.69,124.41,0.5,179.49,0.36,115.82,0.32,419.72,0.31,3.04,18
27740,"Johnson City, TN",853.8076068093,29.219986427260707,202049,5.31,236.64,2.374088156652817,170408,2.300138778165712,5.23,199.59,372511020.452899,286.04,0.66,222.56,0.6,77.1,0.28,57.51,0.27,171.43,0.31,306.04,0.21,6.66,48
27780,"Johnstown, PA",687.5064132651,26.220343500135538,133009,5.12,193.47,2.286613631657004,112102,2.212347437988012,5.05,163.06,264903701.11142302,307.48,0.66,264.19,0.63,66.1,0.39,11.39,0.04,163.39,0.32,240.88,0.32,13.47,29
27980,"Kahului-Wailuku-Lahaina, HI",1161.5234902128,34.08113099961326,165979,5.22,142.9,2.15503222879097,135627,2.067331280208168,5.13,116.77,163825543.047575,368.17,0.73,319.7,0.73,90.53,0.47,14.16,0.07,126.22,0.4,230.91,0.39,6.54,15
28020,"Kalamazoo-Portage, MI",561.951939978,23.70552551575265,262745,5.42,467.56,2.66983734996128,215268,2.583278141686502,5.33,383.07,557337533.891886,256.1,0.75,201.75,0.69,98.19,0.39,42.06,0.25,162.46,0.41,302.71,0.26,5.37,48
28140,"Kansas City, MO-KS",7256.4683991228,85.18490710872906,2124518,6.33,292.78,2.466541406449534,1693777,2.368138064723547,6.23,233.42,2614874428.697272,296.44,0.8,240.03,0.7,73.24,0.36,49.28,0.21,186.61,0.44,309.13,0.22,4.07,307
28420,"Kennewick-Richland, WA",2941.7068409157,54.23750400705862,289527,5.46,98.42,1.993083360698062,219813,1.873436863222037,5.34,74.72,520886742.753264,317.69,0.89,293.27,0.84,40.95,0.32,10.65,0.11,207.61,0.39,259.21,0.26,8.72,44
28660,"Killeen-Temple, TX",2818.5911366184,53.09040531601167,444716,5.65,157.78,2.198051951724345,343820,2.086288629021682,5.54,121.98,366118522.386176,438.34,0.86,372.27,0.8,75.7,0.39,22.94,0.05,116.49,0.35,215.13,0.25,7.94,37
28700,"Kingsport-Bristol, TN-VA",2010.3780239829,44.837239254696534,306546,5.49,152.48,2.183212883294251,258397,2.109004507541385,5.41,128.53,313357484.99672997,285.88,0.84,274.68,0.78,44.1,0.24,55.35,0.23,128.97,0.27,228.42,0.18,4.93,33
28940,"Knoxville, TN",3220.3244182824,56.747902324952946,853337,5.93,264.98,2.423213095757849,707715,2.341968408179938,5.85,219.77,1031557678.180417,335.01,0.82,270.32,0.74,93.49,0.33,36.44,0.12,134.83,0.3,264.76,0.28,5.7,122
29180,"Lafayette, LA",3408.8454726183,58.38531898190075,489914,5.69,143.72,2.157517208532612,388742,2.057057208637422,5.59,114.04,441712927.82914203,334.3,0.75,299.85,0.71,49.98,0.28,17.27,0.14,107.42,0.22,174.67,0.24,1.91,60
29200,"Lafayette-West Lafayette, IN",1642.230504486,40.5244432964353,228541,5.36,139.16,2.143514420075551,188639,2.06020662106735,5.28,114.87,261980400.327699,352.12,0.72,260.2,0.56,133.42,0.36,21.25,0.12,137.64,0.35,292.31,0.31,8.28,29
29340,"Lake Charles, LA",2348.7094354581,48.46348558923615,208549,5.32,88.79,1.948364055988369,165100,1.846893543316625,5.22,70.29,165390234.617029,261.27,0.77,229.24,0.69,67.42,0.23,37.66,0.29,78.5,0.37,183.59,0.22,0.8,19
29460,"Lakeland-Winter Haven, FL",1797.7535667234,42.39992413582128,686218,5.84,381.71,2.581733537701078,559959,2.49343016602411,5.75,311.48,828049087.425861,385.45,0.86,318.55,0.76,110.8,0.49,18.56,0.08,63.5,0.21,192.86,0.41,9.79,80
29540,"Lancaster, PA",943.9186051152,30.723258373994124,540999,5.73,573.14,2.758260719351251,434487,2.663040974893974,5.64,460.3,742806544.677061,412.61,0.87,326.44,0.77,145.74,0.48,50.64,0.18,143.75,0.31,340.13,0.36,18.45,67
29620,"Lansing-East Lansing, MI",2228.590184535,47.20794620119583,546772,5.74,245.34,2.38976836093798,453939,2.30896970817825,5.66,203.69,421623513.648794,326.61,0.81,279.43,0.69,76.81,0.53,63.66,0.31,139.61,0.32,280.08,0.33,7.64,57
29700,"Laredo, TX",3361.4589084219,57.97808989973626,273526,5.44,81.37,1.910464315995614,197589,1.769229581736594,5.3,58.78,406941141.719777,401.45,0.88,373.33,0.84,77.71,0.51,43.29,0.26,207.57,0.38,328.57,0.31,5.6,34
29740,"Las Cruces, NM",3808.1675694348,61.71035220637458,216069,5.33,56.74,1.753889331459833,171446,1.653405490664501,5.23,45.02,361144412.086484,316.31,0.84,274.49,0.82,97.52,0.49,55.43,0.21,152.39,0.36,305.34,0.36,5.77,42
29820,"Las Vegas-Henderson-Paradise, NV",7891.6066690032,88.83471544955384,2182004,6.34,276.5,2.441695135640717,1756110,2.34738856792903,6.24,222.53,2323804472.074101,354.88,0.79,309.4,0.72,63.72,0.28,45.75,0.23,137.4,0.3,246.86,0.22,5.41,285
30340,"Lewiston-Auburn, ME",467.9495409303,21.63214138568579,107602,5.03,229.94,2.361614527024846,87983,2.274204048346953,4.94,188.02,188317231.018332,334.61,0.89,227.92,0.76,130.61,0.7,92.92,0.31,149.08,0.36,372.62,0.42,8.73,13
30460,"Lexington-Fayette, KY",1469.9091914793,38.33939477194834,510647,5.71,347.4,2.54082981411108,416644,2.452476461326989,5.62,283.45,647086954.969158,365.4,0.86,304.09,0.7,76.25,0.36,52.95,0.24,129.03,0.3,258.23,0.25,6.37,84
30780,"Little Rock-North Little Rock-Conway, AR",4083.7743374571,63.9044156334842,737015,5.87,180.47,2.256405018334166,592511,2.16163748070459,5.77,145.09,832316193.434533,311.09,0.84,259.2,0.75,67.18,0.31,91.69,0.24,89.65,0.22,248.52,0.22,5.96,108
30980,"Longview, TX",2680.6024255725,51.77453452782072,284796,5.45,106.24,2.026288062023942,225773,1.925415237084246,5.35,84.22,446258619.97589,335.39,0.75,246.65,0.72,129.45,0.44,28.73,0.14,123.94,0.38,282.12,0.4,4.09,41
31080,"Los Angeles-Long Beach-Anaheim, CA",4852.0957587102,69.65698643144276,13249614,7.12,2730.7,3.436273990326048,10834848,3.348892612838899,7.03,2233.02,12140098424.116796,330.27,0.83,279.54,0.75,83.66,0.37,52.19,0.22,135.54,0.34,271.39,0.23,6.18,1198
31140,"Louisville/Jefferson County, KY-IN",3236.9735016332997,56.89440659355979,1257088,6.1,388.35,2.589223309490553,1022007,2.49931584960033,6.01,315.73,1888918193.670652,309.69,0.79,252.83,0.68,89.77,0.38,37.94,0.19,161.82,0.38,289.54,0.28,5.51,221
31180,"Lubbock, TX",2687.6521482525,51.842570810604094,316474,5.5,117.75,2.070960915800934,252616,1.973081649601368,5.4,93.99,279402483.07243,452.97,0.92,350.13,0.86,157.61,0.48,51.8,0.21,237.66,0.46,447.08,0.32,4.94,30
31420,"Macon-Bibb County, GA",1723.580071785,41.516021868490725,229504,5.36,133.16,2.12437378648463,184576,2.029748918566837,5.27,107.09,242072919.867779,286.56,0.84,129.67,0.51,181.46,0.62,17.9,0.11,138.54,0.36,337.9,0.42,7.87,26
31540,"Madison, WI",3308.762112084,57.52184030508759,653725,5.82,197.57,2.295720999848835,540288,2.212959589036736,5.73,163.29,882472218.043806,295.68,0.87,236.83,0.68,77.22,0.43,25.17,0.14,188.91,0.47,291.3,0.25,6.71,80
31700,"Manchester-Nashua, NH",876.5207821655999,29.60609366609516,413035,5.62,471.22,2.673223714939716,343278,2.592887041895441,5.54,391.64,580694275.244085,332.85,0.84,277.77,0.78,88.57,0.31,47.2,0.18,201.21,0.36,336.98,0.23,3.51,57
32580,"McAllen-Edinburg-Mission, TX",1570.9477885101,39.635183719898414,855176,5.93,544.37,2.735894183405916,619974,2.596212107141384,5.79,394.65,1037734467.691409,385.99,0.85,303.99,0.79,102.36,0.38,59.78,0.24,148.13,0.33,310.26,0.26,4.04,89
32780,"Medford, OR",2783.2366881891,52.75639002233852,216574,5.34,77.81,1.891035415315311,179188,1.808750972349595,5.25,64.38,363698931.420281,306.4,0.86,260.64,0.71,86.18,0.4,32.33,0.24,174.24,0.38,292.75,0.23,4.58,43
32820,"Memphis, TN-MS-AR",4575.204521316,67.64025814051865,1339623,6.13,292.8,2.466571072386354,1061635,2.36556285679556,6.03,232.04,1508949867.117694,323.11,0.81,234.58,0.64,118.79,0.42,43.28,0.17,140.21,0.3,302.27,0.32,7.1,180
33100,"Miami-Fort Lauderdale-Pompano Beach, FL",5066.9050365648,71.18219606449917,6090660,6.78,1202.05,3.079922532785249,5059913,2.999400259698921,6.7,998.62,6732628115.71582,313.1,0.84,266.63,0.76,70.35,0.33,41.47,0.19,157.87,0.37,269.69,0.22,5.87,678
33340,"Milwaukee-Waukesha, WI",1454.8562100072,38.142577390721776,1575223,6.2,1082.73,3.034520170263935,1272745,2.941923667610981,6.1,874.83,1928785551.23893,340.64,0.84,296.78,0.76,66.4,0.33,36.19,0.16,186.59,0.41,289.18,0.2,5.12,187
33460,"Minneapolis-St. Paul-Bloomington, MN-WI",7047.638404092,83.95021384184795,3573609,6.55,507.06,2.70505935208908,2865293,2.609124647706294,6.46,406.56,4998460549.167333,319.22,0.82,273.11,0.74,76.54,0.37,49.49,0.23,166.64,0.4,292.66,0.24,5.92,528
33660,"Mobile, AL",2309.5641336768,48.0579247749713,430655,5.63,186.47,2.270608970823178,346782,2.176525336535,5.54,150.15,496444264.53539,293.29,0.86,244.33,0.71,58.78,0.25,43.19,0.24,205.24,0.42,307.21,0.19,5.22,60
33700,"Modesto, CA",1496.0090422133999,38.678276101881785,543194,5.73,363.1,2.560026248912892,420302,2.448629036430919,5.62,280.95,558032042.22623,410.82,0.91,329.97,0.84,175.68,0.57,40.47,0.19,123.88,0.32,340.02,0.39,11.92,44
33740,"Monroe, LA",2282.1854726385,47.77222490776937,203457,5.31,89.15,1.950121347511373,161869,1.850829959848531,5.21,70.93,201176155.052485,300.94,0.97,266.9,0.82,71.88,0.4,3.81,0.06,214.3,0.57,289.99,0.31,3.63,24
33780,"Monroe, MI",549.3501085644,23.438218971679568,149727,5.18,272.55,2.435446186363715,123597,2.352163215705443,5.09,224.99,367172495.420652,329.38,0.88,288.15,0.84,78.86,0.43,60.43,0.25,222.12,0.47,361.41,0.29,3.54,34
33860,"Montgomery, AL",2714.3901605106,52.09980960148127,373544,5.57,137.62,2.138681553510374,301413,2.04547945311078,5.48,111.04,563787221.035523,331.29,0.82,252.06,0.71,106.61,0.41,63.72,0.23,185.17,0.4,355.5,0.24,6.98,63
34060,"Morgantown, WV",1008.8998494003,31.763183867495083,139157,5.14,137.93,2.139658736208177,119110,2.072102778885176,5.08,118.06,168185678.743251,403.02,0.9,359.44,0.83,102.01,0.45,0.0,0.0,155.03,0.32,257.04,0.42,4.61,19
34580,"Mount Vernon-Anacortes, WA",1730.2364272908,41.59611072312891,125612,5.1,72.6,1.860936620700094,102580,1.772981450344964,5.01,59.29,378908698.834482,341.97,0.87,312.64,0.8,62.22,0.35,32.7,0.2,117.3,0.31,212.21,0.24,4.18,42
34740,"Muskegon, MI",503.9107524594,22.44795653192958,173297,5.24,343.9,2.536432175822013,140060,2.443966678374579,5.15,277.95,276249168.162108,340.97,0.89,245.98,0.64,230.3,0.63,22.94,0.1,138.71,0.29,391.95,0.51,8.67,31
34820,"Myrtle Beach-Conway-North Myrtle Beach, SC-NC",1983.3771702888,44.535122883953065,463987,5.67,233.94,2.369104485571629,396702,2.301051709845226,5.6,200.01,387205357.338113,402.66,0.85,332.38,0.68,72.32,0.29,40.33,0.13,63.63,0.16,176.27,0.26,4.46,59
34940,"Naples-Marco Island, FL",1996.9387196616,44.68712028830679,371453,5.57,186.01,2.269536292755967,318351,2.202542804793921,5.5,159.42,355276586.707905,367.46,0.88,250.75,0.81,126.35,0.38,63.1,0.25,177.95,0.33,367.4,0.22,3.42,39
34980,"Nashville-Davidson--Murfreesboro--Franklin, TN",5689.4140993833,75.42820493279221,1871903,6.27,329.02,2.517222298027907,1507868,2.423295036567116,6.18,265.03,2629801740.032772,346.05,0.82,284.46,0.71,103.38,0.4,59.47,0.24,168.45,0.38,331.3,0.27,7.61,278
35300,"New Haven-Milford, CT",604.3017995586,24.582550713028134,857513,5.93,1419.01,3.151985456013863,715373,3.073278335635835,5.85,1183.8,963416409.634016,338.24,0.79,236.44,0.62,138.04,0.44,66.25,0.23,198.15,0.44,402.44,0.31,6.48,113
35380,"New Orleans-Metairie, LA",3203.4429633492,56.598966097882034,1267777,6.1,395.75,2.597420923534393,1031378,2.507801918719564,6.01,321.96,1301287219.697081,359.71,0.9,284.0,0.78,99.32,0.38,31.99,0.15,169.7,0.39,301.0,0.26,6.24,171
35620,"New York-Newark-Jersey City, NY-NJ-PA",6684.2647381224,81.75735280769797,19294236,7.29,2886.52,3.46037457096666,15831221,3.374460553487459,7.2,2368.43,21985517297.502167,291.37,0.79,234.25,0.7,82.37,0.32,47.25,0.19,158.76,0.37,288.38,0.23,6.01,2033
35660,"Niles, MI",567.7777129167,23.828086639860533,154133,5.19,271.47,2.433721842932839,126247,2.347037133784954,5.1,222.35,230435998.90684,326.91,0.73,280.68,0.67,112.26,0.27,69.44,0.18,211.32,0.48,393.02,0.2,3.77,26
35840,"North Port-Sarasota-Bradenton, FL",1298.7566730567,36.03826678763423,803709,5.91,618.83,2.791571359517702,696023,2.729091860988937,5.84,535.91,544898338.8473899,488.67,0.87,444.56,0.76,94.58,0.42,34.6,0.19,38.33,0.09,167.51,0.35,7.33,62
35980,"Norwich-New London, CT",665.0616198798,25.788788647003177,267390,5.43,402.05,2.604280066452104,224773,2.528878151719388,5.35,337.97,418272131.768075,255.0,0.78,201.43,0.72,71.85,0.32,107.57,0.35,110.49,0.26,289.92,0.21,5.96,36
36100,"Ocala, FL",1588.4130606201,39.85490008292707,353526,5.55,222.57,2.347466625800622,298910,2.274573464196471,5.48,188.18,337610207.420197,353.1,0.76,333.81,0.7,80.38,0.44,64.41,0.23,32.06,0.1,176.86,0.36,7.8,45
36220,"Odessa, TX",897.8527110267,29.964190478414398,160579,5.21,178.85,2.252488944484988,119303,2.123459619443338,5.08,132.88,209610057.875349,373.93,0.72,334.42,0.65,73.57,0.5,54.24,0.19,85.53,0.33,213.35,0.37,11.8,18
36260,"Ogden-Clearfield, UT",7230.0638371104,85.02978205964308,662875,5.82,91.68,1.962274604623315,490935,1.831869774280502,5.69,67.9,886916478.578918,388.74,0.91,284.8,0.8,162.85,0.56,41.77,0.26,131.61,0.37,336.23,0.34,11.33,97
36420,"Oklahoma City, OK",5511.7060577864995,74.24086514707719,1382841,6.14,250.89,2.399483351504452,1096254,2.298634783124435,6.04,198.9,1818543906.59058,337.1,0.85,279.62,0.74,76.27,0.37,52.86,0.16,167.91,0.36,297.04,0.27,4.92,207
36540,"Omaha-Council Bluffs, NE-IA",4346.2896401925,65.92639562567106,931779,5.97,214.38,2.331184266586083,731051,2.225825991461893,5.86,168.2,1125063033.848035,341.78,0.84,287.8,0.71,83.48,0.35,41.89,0.18,157.24,0.39,282.61,0.21,6.37,145
36740,"Orlando-Kissimmee-Sanford, FL",3490.4805071994,59.08028865196412,2508970,6.4,718.8,2.856608068436936,2052496,2.769399483392635,6.31,588.03,2447275604.201786,329.68,0.82,274.13,0.73,83.11,0.35,53.1,0.21,155.57,0.38,291.78,0.24,4.89,262
36780,"Oshkosh-Neenah, WI",434.694457197,20.849327499873947,170411,5.23,392.02,2.593308224336954,141454,2.512430894876464,5.15,325.41,232792588.438204,356.35,0.8,215.78,0.73,144.87,0.43,51.96,0.18,213.72,0.53,410.55,0.28,6.87,25
37100,"Oxnard-Thousand Oaks-Ventura, CA",1840.7789128872,42.9042994685521,847263,5.93,460.27,2.663012668878219,685317,2.570893036218392,5.84,372.3,854765562.888666,363.52,0.79,277.52,0.72,123.31,0.34,27.2,0.15,101.73,0.31,252.25,0.23,3.21,86
37340,"Palm Bay-Melbourne-Titusville, FL",1014.9652498986,31.858519267200727,585507,5.77,576.87,2.761077954154481,497541,2.690373306916059,5.7,490.2,516917734.81537,421.87,0.79,212.34,0.57,257.41,0.47,23.88,0.17,79.67,0.17,360.96,0.41,5.26,45
37460,"Panama City, FL",758.6378645274,27.5433815013226,182161,5.26,240.12,2.380428334683836,149476,2.29453235734187,5.17,197.03,234869381.726324,246.32,0.75,208.62,0.66,42.78,0.28,8.57,0.09,168.95,0.38,220.29,0.21,3.83,30
37860,"Pensacola-Ferry Pass-Brent, FL",1669.3844495328,40.85810139412746,488246,5.69,292.47,2.466081325110001,401449,2.381078963242833,5.6,240.48,454247665.670805,276.57,0.83,202.86,0.65,81.93,0.34,64.92,0.27,99.81,0.21,246.67,0.2,2.76,53
37900,"Peoria, IL",3333.3145620489,57.7348643546419,406883,5.61,122.07,2.086608944572948,328913,1.994185128202317,5.52,98.67,600409094.857041,350.57,0.87,283.9,0.77,77.58,0.4,30.58,0.19,181.73,0.41,289.89,0.34,6.04,55
37980,"Philadelphia-Camden-Wilmington, PA-NJ-DE-MD",4603.1789570481,67.84673136598475,6079130,6.78,1320.64,3.120784447197322,4981024,3.034259370081267,6.7,1082.08,7201620087.336206,305.44,0.86,247.34,0.74,89.53,0.38,40.05,0.17,171.97,0.37,301.55,0.25,6.07,679
38060,"Phoenix-Mesa-Chandler, AZ",14567.7568140819,120.69696273760123,4761603,6.68,326.86,2.514361776370574,3810976,2.41763773965223,6.58,261.6,4991903987.730326,347.16,0.83,284.18,0.75,94.52,0.36,46.92,0.19,147.81,0.35,289.25,0.26,5.1,535
38220,"Pine Bluff, AR",2029.7307988386,45.052533767132346,90865,4.96,44.77,1.650987094383445,75062,1.567966906823154,4.88,36.98,423743978.868103,260.1,0.87,204.29,0.74,76.05,0.42,18.74,0.1,172.22,0.32,267.01,0.27,4.47,49
38300,"Pittsburgh, PA",5282.9067715281,72.6836073095447,2331447,6.37,441.32,2.644753609506606,1966787,2.570881370886279,6.29,372.29,2937854888.981431,317.26,0.83,264.31,0.73,80.41,0.37,39.48,0.18,186.95,0.41,306.84,0.24,6.06,295
38860,"Portland-South Portland, ME",2081.3667456581998,45.621998483825756,532075,5.73,255.64,2.407628808876518,449950,2.334815512506212,5.65,216.18,588643935.675279,310.04,0.85,271.09,0.72,81.62,0.43,34.82,0.16,129.38,0.27,245.82,0.31,4.88,67
38900,"Portland-Vancouver-Hillsboro, OR-WA",6687.4708549935,81.77695797101713,2445761,6.39,365.72,2.563148711095859,2005731,2.477005427413494,6.3,299.92,3307297225.556049,332.61,0.86,285.42,0.77,83.0,0.34,37.35,0.19,162.75,0.4,283.11,0.23,4.67,388
38940,"Port St. Lucie, FL",1115.4757053726,33.39873808054131,472012,5.67,423.15,2.626494345211047,399161,2.5536888851646,5.6,357.84,448444634.581867,341.47,0.77,294.52,0.72,90.99,0.34,35.82,0.18,154.03,0.31,280.84,0.27,10.7,50
39300,"Providence-Warwick, RI-MA",1586.9917261341,39.83706472789003,1618268,6.21,1019.71,3.008476678323536,1352992,2.930719858734711,6.13,852.55,1637499051.274731,347.04,0.8,260.1,0.63,128.76,0.45,69.05,0.21,100.75,0.3,298.55,0.35,10.65,192
39340,"Provo-Orem, UT",5395.7287502118,73.45562436064239,616791,5.79,114.31,2.058084224750925,441152,1.912540882790638,5.64,81.76,785434262.62738,358.1,0.93,298.68,0.81,84.44,0.38,24.06,0.2,257.13,0.5,365.63,0.21,5.45,86
39540,"Racine, WI",332.6396743098,18.23841205559848,195602,5.29,588.03,2.769399483392635,158122,2.677022634459589,5.2,475.36,330299405.587173,309.76,0.76,284.6,0.69,58.57,0.3,81.77,0.27,123.62,0.26,263.96,0.17,3.65,38
39580,"Raleigh-Cary, NC",2118.3940395189,46.026014812482956,1332311,6.12,628.93,2.798602311096355,1064319,2.701066919178094,6.03,502.42,1393446838.786352,378.71,0.87,298.95,0.74,97.75,0.41,57.37,0.23,146.42,0.38,301.54,0.27,5.72,172
39740,"Reading, PA",856.3977196632,29.264273776453088,418025,5.62,488.12,2.688526602599545,341000,2.600079442261521,5.53,398.18,483558899.06583303,309.81,0.81,249.87,0.72,80.92,0.41,72.53,0.21,118.34,0.31,271.8,0.28,4.88,48
39820,"Redding, CA",3775.4987634936,61.445087382911254,179212,5.25,47.47,1.67641923171836,147221,1.590953235187986,5.17,38.99,352730569.021739,382.23,0.82,320.47,0.65,101.8,0.42,62.22,0.37,65.39,0.19,229.42,0.35,3.55,28
40060,"Richmond, VA",4364.3424723327,66.06317031699811,1269530,6.1,290.89,2.46372879165109,1041472,2.377725041243148,6.02,238.63,1594301185.831017,294.77,0.78,246.03,0.69,82.77,0.37,53.93,0.25,147.62,0.35,284.32,0.23,6.61,167
40140,"Riverside-San Bernardino-Ontario, CA",27277.1271958185,165.15788566041434,4560470,6.66,167.19,2.223210297775863,3580658,2.118165485243124,6.55,131.27,4502928614.667431,336.31,0.86,286.48,0.8,90.18,0.36,38.39,0.19,142.26,0.33,270.84,0.23,5.08,397
40220,"Roanoke, VA",1867.557846726,43.21525016387155,313009,5.5,167.6,2.224274014294258,260604,2.144698718643125,5.42,139.54,376793099.668839,263.98,0.8,183.16,0.64,94.73,0.42,8.72,0.18,183.94,0.37,287.38,0.29,5.91,37
40380,"Rochester, NY",3265.9944571683,57.14887975427252,1072877,6.03,328.5,2.516535373895799,890434,2.435589573086606,5.95,272.64,1511685433.378861,338.02,0.82,277.09,0.71,85.7,0.4,36.76,0.18,183.36,0.4,305.82,0.3,5.43,142
40420,"Rockford, IL",793.7857598813999,28.17420380208463,338356,5.53,426.26,2.629674580607889,272325,2.535382742526886,5.44,343.07,402636439.191848,235.57,0.87,200.27,0.76,59.18,0.34,85.61,0.21,206.85,0.57,351.64,0.19,3.75,42
40900,"Sacramento-Roseville-Folsom, CA",5094.8992394586,71.37856288451457,2315980,6.36,454.57,2.657600770446638,1873714,2.565564490742253,6.27,367.76,2579054021.089683,381.2,0.88,311.42,0.77,95.4,0.37,46.44,0.2,136.09,0.35,277.93,0.27,5.73,251
40980,"Saginaw, MI",800.7921088596,28.29827042169892,191821,5.28,239.54,2.379378045219338,157981,2.295083059251656,5.2,197.28,204694916.156714,270.15,0.65,199.39,0.48,85.6,0.42,29.12,0.25,80.51,0.28,195.23,0.33,6.79,26
41100,"St. George, UT",2427.4250007579,49.268905008716196,165811,5.22,68.31,1.834484285334805,129334,1.726564216162245,5.11,53.28,191498949.215645,510.36,0.97,430.71,0.96,161.05,0.42,3.36,0.01,88.57,0.24,252.98,0.35,5.93,23
41180,"St. Louis, MO-IL",7863.6231684153,88.67707239425138,2805190,6.45,356.73,2.552339633831198,2287614,2.463758650329817,6.36,290.91,3226438485.022638,297.84,0.81,250.51,0.69,82.28,0.4,38.73,0.17,198.56,0.4,319.57,0.25,6.45,366
41420,"Salem, OR",1922.0101996095,43.84073675942844,422678,5.63,219.91,2.34224497854712,336861,2.243682807357193,5.53,175.26,544096320.711977,400.1,0.81,329.8,0.7,95.24,0.28,22.33,0.11,136.16,0.29,253.72,0.22,2.03,63
41500,"Salinas, CA",3281.7044526552,57.28616283759281,433410,5.64,132.07,2.120804177840797,337504,2.012162067970823,5.53,102.84,373164844.47601,348.73,0.9,257.41,0.62,126.93,0.45,40.23,0.19,140.64,0.35,307.8,0.34,1.27,37
41540,"Salisbury, MD-DE",2098.724719806,45.81184038876849,404417,5.61,192.7,2.284881714655453,339326,2.208656300507247,5.53,161.68,320434904.583428,321.1,0.85,298.74,0.75,63.18,0.32,29.94,0.15,86.62,0.18,179.74,0.26,3.49,33
41620,"Salt Lake City, UT",7683.9729874479,87.65827392464388,1201043,6.08,156.3,2.193958978019187,921631,2.078964044501761,5.96,119.94,1515792601.7604501,386.79,0.9,313.64,0.8,111.29,0.48,37.75,0.19,196.93,0.53,345.96,0.27,6.44,188
41700,"San Antonio-New Braunfels, TX",7313.1422281632,85.51691194239417,2468193,6.39,337.5,2.528273777167044,1947806,2.42543639540901,6.29,266.34,2731336700.1615562,319.55,0.79,262.36,0.71,96.78,0.34,52.75,0.2,125.76,0.3,275.28,0.25,6.15,275
41740,"San Diego-Chula Vista-Carlsbad, CA",4210.2101747277,64.88613237609174,3316073,6.52,787.63,2.896322249602097,2710720,2.808777954703796,6.43,643.84,3196748196.799463,346.27,0.83,287.0,0.74,80.84,0.34,47.01,0.21,124.23,0.28,252.07,0.25,4.86,318
41860,"San Francisco-Oakland-Berkeley, CA",2470.3352875773,49.70246762060511,4701332,6.67,1903.11,3.279463891288785,3921140,3.200656280185128,6.59,1587.29,4966446425.512478,333.08,0.81,275.98,0.71,79.93,0.31,55.53,0.23,142.69,0.34,278.15,0.21,7.7,501
41940,"San Jose-Sunnyvale-Santa Clara, CA",2679.7207967244,51.76601971104597,1987846,6.3,741.81,2.870292683556552,1616945,2.78060530583897,6.21,603.4,2026011226.281151,325.11,0.82,278.07,0.75,65.53,0.3,36.4,0.21,172.36,0.43,274.29,0.2,4.39,190
42020,"San Luis Obispo-Paso Robles, CA",3300.8356304352,57.452899234374584,282165,5.45,85.48,1.931864513492032,240564,1.862608363964942,5.38,72.88,229917868.533003,335.26,0.69,280.86,0.57,69.47,0.19,59.92,0.12,61.92,0.25,191.31,0.16,1.92,30
42100,"Santa Cruz-Watsonville, CA",445.1051857824,21.097516104565486,273962,5.44,615.5,2.789228057267335,230034,2.713330908436722,5.36,516.81,344639664.770914,341.85,0.92,225.72,0.67,140.71,0.68,64.58,0.2,147.07,0.4,352.37,0.43,10.58,39
42140,"Santa Fe, NM",1910.3692429107,43.70777096707975,149293,5.17,78.15,1.892928982355206,126817,1.822037248072585,5.1,66.38,234502200.935476,250.25,0.81,214.14,0.68,46.82,0.25,58.31,0.21,260.33,0.5,365.46,0.18,2.56,30
42200,"Santa Maria-Santa Barbara, CA",2733.9201977373,52.28690273612791,444829,5.65,162.71,2.211414245077976,361625,2.121461353545985,5.56,132.27,319010432.804336,273.27,0.81,247.07,0.79,59.99,0.24,64.38,0.21,106.38,0.26,230.76,0.18,5.53,33
42220,"Santa Rosa-Petaluma, CA",1575.6209498601,39.694092127923774,499772,5.7,317.19,2.501319486926531,418178,2.423917281991123,5.62,265.41,449227076.448016,333.25,0.87,249.61,0.75,91.47,0.42,29.91,0.11,173.31,0.53,294.7,0.23,5.71,47
42340,"Savannah, GA",1349.5025674844999,36.735576318937746,386036,5.59,286.06,2.456457134303779,311359,2.363085243039335,5.49,230.72,443243838.24470997,336.5,0.82,287.42,0.72,91.77,0.39,9.69,0.13,174.78,0.37,276.24,0.32,6.47,45
42540,"Scranton--Wilkes-Barre, PA",1746.0418964274,41.785666159909425,555642,5.74,318.23,2.502741118806208,464770,2.425175420725635,5.67,266.18,611980614.902139,339.93,0.81,297.16,0.72,66.07,0.38,85.95,0.28,169.13,0.4,321.14,0.21,5.13,63
42660,"Seattle-Tacoma-Bellevue, WA",5869.6839500013,76.61386264900955,3871323,6.59,659.55,2.819247724675388,3169859,2.73242592859317,6.5,540.04,5329900501.161691,295.56,0.79,242.62,0.71,78.69,0.33,36.49,0.16,194.22,0.46,309.4,0.22,5.98,543
43300,"Sherman-Denison, TX",932.8305470913,30.54227475305826,131014,5.12,140.45,2.147521743537597,105118,2.051885378889872,5.02,112.69,224772089.381888,438.5,0.85,405.05,0.81,102.23,0.49,46.47,0.41,170.8,0.4,319.5,0.34,5.29,21
43340,"Shreveport-Bossier City, LA",2595.4226879724,50.94529112658402,399619,5.6,153.97,2.187436109773708,318404,2.088773767310448,5.5,122.68,440515487.091238,285.87,0.7,215.3,0.57,88.11,0.41,18.31,0.13,78.9,0.27,185.32,0.32,10.81,61
43620,"Sioux Falls, SD",2575.3861840707,50.74826286751794,259348,5.41,100.7,2.003029470553618,202099,1.89470365260923,5.31,78.47,409963926.655078,345.95,0.7,189.26,0.57,188.41,0.52,25.74,0.1,199.03,0.44,413.19,0.36,6.33,46
43780,"South Bend-Mishawaka, IN-MI",947.879874513,30.787657827658798,321739,5.51,339.43,2.530750224129781,260073,2.438336623263845,5.42,274.37,401335094.589471,299.58,0.68,197.12,0.65,110.46,0.28,116.81,0.45,116.0,0.3,343.27,0.17,3.85,36
43900,"Spartanburg, SC",808.3684229049,28.431820604824093,307617,5.49,380.54,2.580400313843089,248451,2.487633217456876,5.4,307.35,260035890.29795,288.79,0.71,221.21,0.64,96.93,0.52,66.23,0.2,87.53,0.22,250.69,0.44,7.18,34
44060,"Spokane-Spokane Valley, WA",4241.2936305168,65.12521501320974,550160,5.74,129.72,2.113006940000935,448883,2.024649831179445,5.65,105.84,610512374.71735,344.4,0.79,291.85,0.71,77.19,0.31,28.82,0.11,103.01,0.3,209.01,0.26,6.04,78
44100,"Springfield, IL",1182.6409799061,34.38954753854868,209167,5.32,176.86,2.247629620679114,170607,2.159145927854047,5.23,144.26,328953768.608874,321.09,0.81,243.71,0.69,97.17,0.45,59.08,0.2,79.64,0.31,235.89,0.32,6.84,38
44140,"Springfield, MA",1843.432998264,42.93521862368934,699480,5.84,379.44,2.579143111643815,587338,2.503259402590862,5.77,318.61,808028897.582353,234.35,0.77,167.03,0.57,81.04,0.38,38.15,0.19,218.47,0.48,337.66,0.24,2.7,84
44180,"Springfield, MO",3006.9424934406,54.835595131635074,462434,5.67,153.79,2.186928096934767,375684,2.096701501610003,5.57,124.94,780864692.485255,389.81,0.91,334.33,0.83,106.95,0.47,12.63,0.09,114.82,0.27,234.4,0.38,5.37,66
44700,"Stockton, CA",1392.3625080222,37.314374013538,742603,5.87,533.34,2.727004156583357,574484,2.615529223637133,5.76,412.6,715710779.242738,267.55,0.79,227.83,0.74,62.44,0.31,24.83,0.11,169.2,0.36,256.46,0.22,5.05,70
45060,"Syracuse, NY",2384.8753039254,48.83518510178292,652416,5.81,273.56,2.437052595060992,539494,2.354511799744273,5.73,226.21,729551579.466223,353.38,0.93,271.62,0.84,108.27,0.48,32.8,0.21,165.16,0.35,306.23,0.38,5.41,72
45220,"Tallahassee, FL",2389.2887408247,48.880351275586186,382197,5.58,159.96,2.204011395461484,321454,2.128851423346783,5.51,134.54,459633338.798627,254.31,0.82,221.26,0.77,43.44,0.26,82.34,0.26,298.98,0.53,424.76,0.13,3.16,48
45300,"Tampa-St. Petersburg-Clearwater, FL",2515.1646663,50.15141739073782,3097859,6.49,1231.67,3.090494363366782,2586099,3.012077599531015,6.41,1028.2,3121492614.778521,328.87,0.79,270.19,0.69,84.43,0.36,52.64,0.21,146.32,0.32,283.38,0.24,5.56,349
45460,"Terre Haute, IN",1909.9571966046,43.7030570624596,186908,5.27,97.86,1.990605211423919,154521,1.907948521612272,5.19,80.9,376577390.149134,366.95,0.72,284.15,0.68,126.35,0.4,20.01,0.08,165.21,0.34,311.57,0.25,3.61,38
45780,"Toledo, OH",1616.9672938419,40.21153185147141,644137,5.81,398.36,2.600275723698921,524985,2.511442161011648,5.72,324.67,533260618.856179,330.66,0.77,234.74,0.64,137.83,0.5,71.39,0.29,163.34,0.34,372.57,0.36,8.95,69
45820,"Topeka, KS",3232.6952545602,56.85679602791736,232778,5.37,72.01,1.857392810920901,187073,1.762453482363547,5.27,57.87,298518317.033139,338.17,0.88,270.95,0.74,95.18,0.33,38.25,0.2,112.18,0.42,245.6,0.19,4.91,37
45940,"Trenton-Princeton, NJ",224.4390678387,14.981290593226607,367922,5.57,1639.3,3.214658438879918,303257,3.130713208237078,5.48,1351.18,410622968.073427,325.7,0.85,262.87,0.79,83.11,0.48,49.21,0.33,129.15,0.33,261.47,0.25,8.48,47
46060,"Tucson, AZ",9188.638564248,95.85738659199926,1027207,6.01,111.79,2.04840295615274,847479,1.964872208637775,5.93,92.23,1212835308.112176,398.53,0.87,335.23,0.78,90.31,0.39,36.8,0.17,117.95,0.26,245.06,0.28,6.87,156
46140,"Tulsa, OK",6270.1913143584,79.18453961701363,990544,6.0,157.98,2.198602109489712,786377,2.098366796439331,5.9,125.42,1304300293.331548,326.97,0.75,279.29,0.67,77.73,0.28,46.76,0.2,160.54,0.36,285.02,0.21,3.45,153
46340,"Tyler, TX",921.4679159829,30.35569000999483,227449,5.36,246.83,2.392397943216372,180770,2.292654730197987,5.26,196.18,297602065.362984,285.82,0.7,234.43,0.68,63.93,0.32,50.89,0.26,222.44,0.55,337.25,0.23,4.48,29
46520,"Urban Honolulu, HI",600.6220348986,24.507591372850168,984821,5.99,1639.67,3.214756450730583,807474,3.12852850379744,5.91,1344.4,829063154.867701,404.25,0.84,343.48,0.8,89.88,0.37,17.88,0.22,117.05,0.34,224.81,0.29,6.4,91
46540,"Utica-Rome, NY",2623.855866489,51.22358701310364,292016,5.47,111.29,2.046456142412592,241031,1.963126441081905,5.38,91.86,329418819.53870803,263.38,0.72,236.61,0.67,40.8,0.24,74.29,0.36,122.78,0.24,237.88,0.18,5.26,32
46700,"Vallejo, CA",821.8245384063,28.667482247422775,441829,5.65,537.62,2.730475416534002,359655,2.641107085692552,5.56,437.63,306016188.270591,364.68,0.91,290.16,0.76,114.21,0.48,100.7,0.33,151.95,0.41,366.86,0.25,13.8,39
47220,"Vineland-Bridgeton, NJ",483.35791393889997,21.985402291950447,151906,5.18,314.27,2.497302925540968,121649,2.400831449116225,5.09,251.67,129891113.81012401,376.7,0.82,332.59,0.72,50.21,0.36,22.58,0.31,105.9,0.21,178.7,0.22,6.13,15
47260,"Virginia Beach-Norfolk-Newport News, VA-NC",3530.3744337147,59.416954093210634,1761729,6.25,499.02,2.698117951867031,1436659,2.609530380749014,6.16,406.94,2256235949.461038,262.46,0.82,206.84,0.7,80.29,0.36,32.39,0.12,178.12,0.41,290.8,0.25,5.49,204
47300,"Visalia, CA",4823.8719541155,69.45409962065234,461898,5.66,95.75,1.98113878264066,342228,1.850891184135924,5.53,70.94,663647957.674276,312.0,0.88,255.64,0.77,67.29,0.31,65.94,0.25,126.15,0.25,259.39,0.24,10.35,57
47380,"Waco, TX",1802.140124499,42.45162098788455,268361,5.43,148.91,2.172923863628545,213687,2.073974819866658,5.33,118.57,266302831.683547,325.79,0.9,274.2,0.78,88.88,0.6,13.5,0.22,239.98,0.57,342.36,0.38,11.37,25
47580,"Warner Robins, GA",526.3272350622,22.94182283651846,180652,5.26,343.23,2.535585240321913,143043,2.434217494305148,5.16,271.78,173860254.380656,396.06,0.97,309.21,0.82,129.22,0.58,35.38,0.22,116.79,0.27,281.39,0.34,14.02,23
47900,"Washington-Arlington-Alexandria, DC-VA-MD-WV",6567.6491809929,81.0410339333902,6196585,6.79,943.5,2.97474190450095,5003364,2.881852369973158,6.7,761.82,8364512953.992022,297.65,0.82,245.32,0.72,75.5,0.36,49.4,0.23,180.92,0.41,305.83,0.23,6.29,824
47940,"Waterloo-Cedar Falls, IA",1503.082852128,38.769612483593384,169556,5.23,112.81,2.052347599224664,138464,1.964353929292193,5.14,92.12,484882336.596077,306.23,0.87,257.42,0.8,78.82,0.37,40.02,0.19,249.14,0.49,367.98,0.23,4.95,57
48060,"Watertown-Fort Drum, NY",1268.6972031162,35.61877599126898,112842,5.05,88.94,1.949097125112916,89439,1.848189116991399,4.95,70.5,445375287.230832,278.35,0.77,234.72,0.69,64.71,0.31,59.59,0.14,207.12,0.55,331.42,0.17,4.61,38
48140,"Wausau-Weston, WI",2423.8849490856,49.23296608051967,163140,5.21,67.31,1.828079590556746,133422,1.740678425227455,5.13,55.04,177923520.815667,250.35,0.73,243.4,0.71,22.48,0.14,37.57,0.21,198.35,0.39,258.41,0.13,0.99,20
48620,"Wichita, KS",4148.0427538836,64.40530066604457,637690,5.8,153.73,2.186758627181614,501171,2.082138831393447,5.7,120.82,860206666.051182,341.97,0.86,302.7,0.73,93.22,0.47,24.9,0.16,138.16,0.4,256.28,0.3,5.17,97
48660,"Wichita Falls, TX",2619.626720139,51.18228912562431,150715,5.18,57.53,1.759894374025499,122538,1.670060217473134,5.09,46.78,276258016.248447,316.5,0.77,255.06,0.65,61.83,0.3,69.66,0.16,197.66,0.46,329.15,0.14,1.76,29
48700,"Williamsport, PA",1228.9125849858,35.0558495116835,114330,5.06,93.03,1.968623020956989,94860,1.887561040930009,4.98,77.19,279643063.699061,340.98,0.89,313.78,0.86,32.34,0.19,35.22,0.25,270.49,0.53,338.05,0.12,1.69,26
49020,"Winchester, VA-WV",1062.7236048429,32.599441787289855,137621,5.14,129.5,2.112269768417271,112263,2.023828392534886,5.05,105.64,336322418.688705,357.26,0.89,330.93,0.83,61.89,0.39,47.91,0.41,89.85,0.33,199.65,0.23,2.97,37
49180,"Winston-Salem, NC",2009.0036284461,44.8219101383029,666216,5.82,331.62,2.520640714965419,543638,2.432327792261604,5.74,270.6,701717148.979776,326.56,0.82,270.21,0.72,98.7,0.42,48.13,0.23,67.35,0.2,214.19,0.34,3.88,84
49340,"Worcester, MA-CT",2023.5907211949,44.984338621290185,941338,5.97,465.18,2.667621034353151,779325,2.585596072930955,5.89,385.12,1173001027.700756,303.54,0.86,216.53,0.7,115.21,0.47,37.56,0.18,193.38,0.43,346.15,0.29,8.24,134
49620,"York-Hanover, PA",904.3604747892,30.072586765843738,445565,5.65,492.69,2.692573747602913,364186,2.604981629607432,5.56,402.7,715540521.757544,365.45,0.95,239.37,0.73,153.14,0.52,19.77,0.15,157.99,0.44,330.91,0.41,11.1,56
49660,"Youngstown-Warren-Boardman, OH-PA",1702.0994071653,41.256507452343804,541846,5.73,318.34,2.502891211941244,453138,2.425240679100198,5.66,266.22,677770802.242129,338.68,0.84,273.65,0.72,98.52,0.45,22.81,0.12,101.95,0.26,223.27,0.32,5.52,75
49740,"Yuma, AZ",5513.8071460329,74.2550142820867,209468,5.32,37.99,1.57966929355472,164945,1.475816413031318,5.22,29.91,334083850.249534,470.22,0.83,395.55,0.76,129.68,0.45,37.54,0.24,90.2,0.2,257.42,0.38,7.94,37
